post_text,image_url,comment_link,status  
"Run, don’t walk! This restock won’t last long 🏃‍♀️💨",https://scontent.frak4-3.fna.fbcdn.net/v/t39.30808-6/669046457_122203816364528883_331782081376089416_n.jpg?_nc_cat=101&ccb=1-7&_nc_sid=e06c5d&_nc_eui2=AeHcRZTJosyu9_IjZb5puHVs_6XrpUffkd__peulR9-R3zPXST3Z0UAgt70Vz-x-Rky3SfxpYZBN1X0_-p_f08XR&_nc_ohc=nKB2JZrqHrIQ7kNvwFEm7ud&_nc_oc=Adr8nMQVtYO_zDZojcfoMbIkjSZ2gSjqaTFVAk5rGe45zZQ_nRVp7WdjKeatBEeApmU&_nc_zt=23&_nc_ht=scontent.frak4-3.fna&_nc_gid=LLAl7MKZKk7z3iQ1AdFBvQ&_nc_ss=7a3a8&oh=00_Af2JRGCppdj1xtQc-N-GiJde-Fx-loieiRjbsNDpIEO8qg&oe=69E05F09,"Say “SEEN” when you see this!! ❤
Your support makes a difference! THANK YOU GUYSSS!‼️❤️🎁
Grab it here https://go.sylikes.com/faq1C4f8idoD",
Round 2! Get yours before we sell out completely ⏰🚨,https://scontent.frak4-2.fna.fbcdn.net/v/t39.30808-6/668980225_122203816172528883_6214044552509644638_n.jpg?_nc_cat=105&ccb=1-7&_nc_sid=e06c5d&_nc_eui2=AeF7noJIS_tF_IgjF3efijI6BtJ1m3F3N3EG0nWbcXc3cc8I5jVJQb6BLIK0cIY_Gpw3fHg7FSVRXDr2kPaRAB0U&_nc_ohc=wOyn94YJQRYQ7kNvwFt833f&_nc_oc=AdpMRMioQw5yqCEO3iqyf-bpAy8tDwV_FkHfk2fqf3pLprZPvknHg2bFSpwQt0-4Gao&_nc_zt=23&_nc_ht=scontent.frak4-2.fna&_nc_gid=Bl3WwNVye6pjGxcVjuKGqQ&_nc_ss=7a3a8&oh=00_Af3p-S09sFhABOBBTmSZI3c1Q_vKlSmdHufUvkBCZbRWLA&oe=69E05664,"Say “SEEN” when you see this!! ❤
Your support makes a difference! THANK YOU GUYSSS!‼️❤️🎁
Grab it here https://go.sylikes.com/faq1C4f8idoD",
Blink and you’ll miss it (again)! Grab yours now 👀⚡,https://scontent.frak4-2.fna.fbcdn.net/v/t39.30808-6/669060430_122203816010528883_788894112285655716_n.jpg?_nc_cat=108&ccb=1-7&_nc_sid=e06c5d&_nc_eui2=AeF4ksqoz8Z99XNIjocHQsdtbpXWRiFkQABuldZGIWRAAKHel-Ni7LqUV7c2QRRhJHkJM0Smw2k58Jzu0jWD3gGX&_nc_ohc=09K2f55e7x4Q7kNvwET4yQG&_nc_oc=AdrvhV3X6orpjts0Xy2uIHGZbqAQYFdWDXm6Gxw7UZG_nScOH2riXKIHAuevIanXDfk&_nc_zt=23&_nc_ht=scontent.frak4-2.fna&_nc_gid=Bl3WwNVye6pjGxcVjuKGqQ&_nc_ss=7a3a8&oh=00_Af1arWVLsEu3Y-VGV9fkab_BX-fZ3ZZ1vdfWZMHtrSDORg&oe=69E0594F,"Say “SEEN” when you see this!! ❤
Your support makes a difference! THANK YOU GUYSSS!‼️❤️🎁
Grab it here https://go.sylikes.com/faq1C4f8idoD",
"You asked, we restocked. But they’re going FAST! 💨🛍️",https://scontent.frak4-2.fna.fbcdn.net/v/t39.30808-6/669060430_122203816010528883_788894112285655716_n.jpg?_nc_cat=108&ccb=1-7&_nc_sid=e06c5d&_nc_eui2=AeF4ksqoz8Z99XNIjocHQsdtbpXWRiFkQABuldZGIWRAAKHel-Ni7LqUV7c2QRRhJHkJM0Smw2k58Jzu0jWD3gGX&_nc_ohc=09K2f55e7x4Q7kNvwET4yQG&_nc_oc=AdrvhV3X6orpjts0Xy2uIHGZbqAQYFdWDXm6Gxw7UZG_nScOH2riXKIHAuevIanXDfk&_nc_zt=23&_nc_ht=scontent.frak4-2.fna&_nc_gid=Bl3WwNVye6pjGxcVjuKGqQ&_nc_ss=7a3a8&oh=00_Af1arWVLsEu3Y-VGV9fkab_BX-fZ3ZZ1vdfWZMHtrSDORg&oe=69E0594F,"Say “SEEN” when you see this!! ❤
Your support makes a difference! THANK YOU GUYSSS!‼️❤️🎁
Grab it here https://go.sylikes.com/faq1C4f8idoD",
Second chances don’t last forever... shop the restock now! ⏳✨,https://scontent.frak4-2.fna.fbcdn.net/v/t39.30808-6/669560102_122203815770528883_7250874294667783235_n.jpg?_nc_cat=108&ccb=1-7&_nc_sid=e06c5d&_nc_eui2=AeFDY3UKqUSzcbMdai1HAOga_Sp1bBKABGr9KnVsEoAEag-FyHJOau4-eXFzVXj7HXnegJHv-BSq2xf5bIuy8A52&_nc_ohc=C_Vn4NxjxsoQ7kNvwHzTGBu&_nc_oc=AdprbSIBVLHSEcjeIfTA7s2MnUBj2pfkLxlRPVWNis749h6GESvA86BPpopsNzySuKY&_nc_zt=23&_nc_ht=scontent.frak4-2.fna&_nc_gid=cYOD8xmW66ay2CAhy0J1Nw&_nc_ss=7a3a8&oh=00_Af1mcBl2N3M3E6yPDXlvUbCq2TsLjT3npaF3seNd_e1DRA&oe=69E04A39,"Say “SEEN” when you see this!! ❤
Your support makes a difference! THANK YOU GUYSSS!‼️❤️🎁
Grab it here https://go.sylikes.com/faq1C4f8idoD",
"Don't say we didn't warn you! Selling out in 3, 2, 1... 🧨💣",https://scontent.frak4-2.fna.fbcdn.net/v/t39.30808-6/669849821_122203815548528883_6943772013361390967_n.jpg?_nc_cat=108&ccb=1-7&_nc_sid=e06c5d&_nc_eui2=AeGdx8sqUF0FPs3Zd8VZ0iLdf96vbcQ87TZ_3q9txDztNooYGpBrr4Wh4lDIGAT44xrfNtSQ_1w0cwj-zjnZ9f4z&_nc_ohc=tIstE3D-Co0Q7kNvwFMZyUF&_nc_oc=AdpfFmaEHeZUIiyQnIOK31vjw5_AMJKQcBqVrqcSGGG20OBFkSBVrH8sTm7J7oMsUQA&_nc_zt=23&_nc_ht=scontent.frak4-2.fna&_nc_gid=cYOD8xmW66ay2CAhy0J1Nw&_nc_ss=7a3a8&oh=00_Af18MX0lp22EdSEOqOdITdVSOdGpfewzAhD3Tjo8RJbRKA&oe=69E06926,"Say “SEEN” when you see this!! ❤
Your support makes a difference! THANK YOU GUYSSS!‼️❤️🎁
Grab it here https://go.sylikes.com/faq1C4f8idoD",
Back by popular demand! Catch it while you can 🎣🔥,https://scontent.frak4-3.fna.fbcdn.net/v/t39.30808-6/669017320_122203807802528883_4205204460593669776_n.jpg?_nc_cat=109&ccb=1-7&_nc_sid=e06c5d&_nc_eui2=AeHthNgA7I1Csqfq7NrGeZrs4UK4K3RIL27hQrgrdEgvbuxoJJEJoszVv4LSNVREYyirK-h2yRKE0AqqsNM5ieOC&_nc_ohc=SV9IqrDXiVQQ7kNvwFp77KZ&_nc_oc=Adrtl-IWdIeT6Q_FBnK2O754F5xafAiu_jO79T84R8aAURQmpBMVgh3CysBY_HRqHys&_nc_zt=23&_nc_ht=scontent.frak4-3.fna&_nc_gid=zZVTBL16CmWaMxCHobWEdQ&_nc_ss=7a3a8&oh=00_Af0mRg5fZrJFO3ibsE2mXOpj5qSdIQNjdtCvZ9rHf97nQQ&oe=69E0663C,"Say “SEEN” when you see this!! ❤
Your support makes a difference! THANK YOU GUYSSS!‼️❤️🎁
Grab it here https://go.sylikes.com/faq1C4f8idoD",
It’s back! (But probably not for long...) 🏃‍♂️💨,https://scontent.frak4-2.fna.fbcdn.net/v/t39.30808-6/669021130_122203807160528883_7105874830072083007_n.jpg?_nc_cat=108&ccb=1-7&_nc_sid=e06c5d&_nc_eui2=AeG-hNLDoOZbWjdyVW-_RMc1Md2ZYE8enkAx3ZlgTx6eQHsDsmGYGCe6mYvrdWX1HeYyElK0WVqMhfrf6YhNZfVH&_nc_ohc=36yGqeuf8A8Q7kNvwGIf-tH&_nc_oc=AdpbCPkyqHLrWhErNk7Ix05CdfC-EE_eYD_LyFU9SC-5-lxvEkAfzkbGnm1-CkOZRDk&_nc_zt=23&_nc_ht=scontent.frak4-2.fna&_nc_gid=J8_5cIht61_fUnbcL_rWBQ&_nc_ss=7a3a8&oh=00_Af3fc1rnudBLNtZPGv1IiEMhkgID_o6NihsXTDq5L68Hcw&oe=69E05764,"Say “SEEN” when you see this!! ❤
Your support makes a difference! THANK YOU GUYSSS!‼️❤️🎁
Grab it here https://go.sylikes.com/faq1C4f8idoD",
"The wait is over, but the clock is ticking ⏰🏃‍♀️",https://scontent.frak4-3.fna.fbcdn.net/v/t39.30808-6/671338511_122203806932528883_5244033327264221766_n.jpg?_nc_cat=100&ccb=1-7&_nc_sid=e06c5d&_nc_eui2=AeGVXZ2jj8ZjdMbZ8PnLJH9boubeAXjxNKei5t4BePE0p0sbemeEAoj7_boNuA-U5xPK45J7TKoLS9-pR3bg3Wrn&_nc_ohc=6Kfyrg6lMAIQ7kNvwGbn_8z&_nc_oc=Adp937kpS10MSVDcEy4p4wyV8e6rZhbfFZirDbw-RGbITJtiYY_hwod4ds2p_Pc3AB8&_nc_zt=23&_nc_ht=scontent.frak4-3.fna&_nc_gid=J8_5cIht61_fUnbcL_rWBQ&_nc_ss=7a3a8&oh=00_Af3EkO4t3jzUp_lsm_2AcGaRJy_OKnchk45dl6Ydf74Icw&oe=69E0534E,"Say “SEEN” when you see this!! ❤
Your support makes a difference! THANK YOU GUYSSS!‼️❤️🎁
Grab it here https://go.sylikes.com/faq1C4f8idoD",
Restocked and flying off the shelves! Get in here 🦅📦,https://scontent.frak4-2.fna.fbcdn.net/v/t39.30808-6/670470099_122203805366528883_1320677408674647927_n.jpg?_nc_cat=104&ccb=1-7&_nc_sid=e06c5d&_nc_eui2=AeE27QnqOTUxcRxBveqsOOmuXWKtHtuzXZRdYq0e27NdlC3SPGuz9WsGeQdviTAg28XpQy9yxeMWDHQs-6NAcE_D&_nc_ohc=2_AtOkZaBoYQ7kNvwEUyFz2&_nc_oc=AdrmoyrsSOfLLtrmKbq_cdttsoNR8jnQJV9l_NBHOUjO2wxHQPml_vpieG4ScvDtKis&_nc_zt=23&_nc_ht=scontent.frak4-2.fna&_nc_gid=9PtEPAJDtbL1NtITc4GKKA&_nc_ss=7a3a8&oh=00_Af10yCQs3vShPmXl_8O6iV3__B18p4y07Vv9vxYrcGaz2Q&oe=69E03DC8,"Say “SEEN” when you see this!! ❤
Your support makes a difference! THANK YOU GUYSSS!‼️❤️🎁
Grab it here https://go.sylikes.com/faq1C4f8idoD",
"Last time, it sold out in hours. Ready, set, GO! 🏁🏎️",https://scontent.frak4-3.fna.fbcdn.net/v/t39.30808-6/669202552_122203806638528883_410576634395645701_n.jpg?_nc_cat=109&ccb=1-7&_nc_sid=e06c5d&_nc_eui2=AeGCDNmO3OS68FKZPU2TeAUmlSJ29JjD6oqVInb0mMPqipT76dQ7WNIWb4MmgIJP-4Mqeae3Xs1xhSU9UxmcGEDE&_nc_ohc=9NArC4vP6E0Q7kNvwGnVRYm&_nc_oc=AdpriYPzksio3IanJCpoSA5WRiow7HV4dnEsB1jEBI_oVFRwhT_iV64c3EN1HNdhpY0&_nc_zt=23&_nc_ht=scontent.frak4-3.fna&_nc_gid=9PtEPAJDtbL1NtITc4GKKA&_nc_ss=7a3a8&oh=00_Af0SuMlHOcig7-GI7uignVq6-dDzziIf0ilL0H18tNNtzA&oe=69E06A70,"Say “SEEN” when you see this!! ❤
Your support makes a difference! THANK YOU GUYSSS!‼️❤️🎁
Grab it here https://go.sylikes.com/faq1C4f8idoD",
Round two is officially live. Secure the bag! 🎒💰, https://scontent.frak4-1.fna.fbcdn.net/v/t39.30808-6/668560644_122203806320528883_5068220415057588333_n.jpg?_nc_cat=111&ccb=1-7&_nc_sid=e06c5d&_nc_eui2=AeHaQZA-O6dCBleUQxiUk6eXi4yHyXtfqreLjIfJe1-qtys7F1mXrzdGSki76sbd7M5YPiV8dVI-sl0lnLWLTqqo&_nc_ohc=ep9qUa46_a4Q7kNvwEdXgWa&_nc_oc=AdpjFokH5LBxAhwOxLaWB_CBH-YxLu42MseKYZ0M5hmqAkOGJEK7PfQUBhNGuJn9sZ4&_nc_zt=23&_nc_ht=scontent.frak4-1.fna&_nc_gid=9PtEPAJDtbL1NtITc4GKKA&_nc_ss=7a3a8&oh=00_Af2BgylI0sPoDlHWrX6xMrtz24fnoYxtYOhU4lR5xzKFLQ&oe=69E0375A,"Say “SEEN” when you see this!! ❤
Your support makes a difference! THANK YOU GUYSSS!‼️❤️🎁
Grab it here https://go.sylikes.com/faq1C4f8idoD",
"If you missed out last time, this is your sign 🪧✨",https://scontent.frak4-3.fna.fbcdn.net/v/t39.30808-6/668825369_122203569764528883_5415287385731023142_n.jpg?_nc_cat=110&ccb=1-7&_nc_sid=e06c5d&_nc_eui2=AeHxt01wOkno_LTCyED1zKQgG7aHLw_QLI0btocvD9AsjX8gv6hGT_uBEVhWtpQQ3gJfrj_93Yhd4DBaA6XPF8cM&_nc_ohc=ZQFL0WU4NGkQ7kNvwFOt7E8&_nc_oc=AdpVNMJVb44Y0sBc3P9_YxJd9Jk-WaoSB6SF8O80rGfJjmLrubVpx6kAIbQVxB8PUpk&_nc_zt=23&_nc_ht=scontent.frak4-3.fna&_nc_gid=CBdxPxaur_z9ca2sNU_07A&_nc_ss=7a3a8&oh=00_Af3TKWkAWblNOHKtwLOXEcsVfGHpNtRSS9iGUFhxhRg0uw&oe=69E05C6B,"Say “SEEN” when you see this!! ❤
Your support makes a difference! THANK YOU GUYSSS!‼️❤️🎁
Grab it here https://go.sylikes.com/faq1C4f8idoD",
"Going, going... almost gone! Grab it now 📉🚨",https://scontent.frak4-3.fna.fbcdn.net/v/t39.30808-6/671583463_122203805936528883_8914614257632150617_n.jpg?_nc_cat=100&ccb=1-7&_nc_sid=e06c5d&_nc_eui2=AeHIsq7JWOsIqdIHn4bgkcmxbkx41MDSgF1uTHjUwNKAXfZAeNjwcJxTJzUUOg9Von37uq1n9rxGFPwW55d52h6h&_nc_ohc=bFbhVgnHuG0Q7kNvwFiRRGm&_nc_oc=AdqW1LRbT6MrGwlJtuWJH8oUqQZqigkLI2GKI1y1jSYW6sBdARxBsQ9BNG-OsZEW65g&_nc_zt=23&_nc_ht=scontent.frak4-3.fna&_nc_gid=CBdxPxaur_z9ca2sNU_07A&_nc_ss=7a3a8&oh=00_Af1yaR08XskJkj2A6E-JUuUkXPMpNV0c6grL_zGyWxcLmQ&oe=69E04EA9,"Say “SEEN” when you see this!! ❤
Your support makes a difference! THANK YOU GUYSSS!‼️❤️🎁
Grab it here https://go.sylikes.com/faq1C4f8idoD",
"You snooze, you lose! The restock is live 😴🚫",https://scontent.frak4-3.fna.fbcdn.net/v/t39.30808-6/669529086_122203805798528883_7068990939789088121_n.jpg?_nc_cat=110&ccb=1-7&_nc_sid=e06c5d&_nc_eui2=AeFnmoV7zz156gRDZYeISkQzs6wZlmnMAq2zrBmWacwCrTHMJAzBAPDmlpRJMCA-uCu7hkEzzgLfsF0SDjmVezyc&_nc_ohc=sZQnljfTbNsQ7kNvwGHUwV8&_nc_oc=AdoFOIrWtaP977dQIoQX9MsxikdIb251tpYh1M4-B8AT70y9Inn1Fh7nuJ0F5v9OSwo&_nc_zt=23&_nc_ht=scontent.frak4-3.fna&_nc_gid=CBdxPxaur_z9ca2sNU_07A&_nc_ss=7a3a8&oh=00_Af0UfZ1DAFSomhFLTPCjzX1NEh98f2o3us5Fj-fwhJh5cQ&oe=69E04E66,"Say “SEEN” when you see this!! ❤
Your support makes a difference! THANK YOU GUYSSS!‼️❤️🎁
Grab it here https://go.sylikes.com/faq1C4f8idoD",
Back in stock! Tag a friend who needs to know ASAP 👇🗣️,https://scontent.frak4-1.fna.fbcdn.net/v/t39.30808-6/670369715_122203805600528883_2261009425791371965_n.jpg?_nc_cat=102&ccb=1-7&_nc_sid=e06c5d&_nc_eui2=AeHuJP-qKL7FwhJO7NYyHUFRfCqDmKN7BAJ8KoOYo3sEAh26FEKwNk39_NJ0rAcjbdYuV7MOsaCv7Y-Hd5A36mnh&_nc_ohc=94o6Zcg8HucQ7kNvwEaYcbn&_nc_oc=AdriGzi29nZB7l2yTOoyThdHP6JI2Lxrhi6ieF0oWhI6maxCx8hq1URa5slRV3kn55Q&_nc_zt=23&_nc_ht=scontent.frak4-1.fna&_nc_gid=RWtAZoOqtpubnyhKw_5sCw&_nc_ss=7a3a8&oh=00_Af1vyuDp-UNiFQ2J9vrc75jfyldF1eb0oCu_BAOkVWnxmw&oe=69E04C99,"Say “SEEN” when you see this!! ❤
Your support makes a difference! THANK YOU GUYSSS!‼️❤️🎁
Grab it here https://go.sylikes.com/faq1C4f8idoD",
Limited stock alert! We mean it this time 🚨🛑,https://scontent.frak4-2.fna.fbcdn.net/v/t39.30808-6/669439041_122203805126528883_6116874091355558196_n.jpg?_nc_cat=108&ccb=1-7&_nc_sid=e06c5d&_nc_eui2=AeG0joT2rJJGK2dF0xg8JWL-DMJd_szI6zcMwl3-zMjrN7sZmrk5wpoIfWnxWjDJBXW1XlVF08cuapYHh-aQoUoz&_nc_ohc=_vD0GqhleuUQ7kNvwElUGVe&_nc_oc=AdoyJBMUhj7dGBi_sSISh6rKayPHMYPVv98AAb1qvfRcZzutlPc5okjrUQXBKSQbfh0&_nc_zt=23&_nc_ht=scontent.frak4-2.fna&_nc_gid=RWtAZoOqtpubnyhKw_5sCw&_nc_ss=7a3a8&oh=00_Af0rsu2tRih-CVB1btC4yNHAgNxtNP0EznIGNeeLRCzlDw&oe=69E05CC1,"Say “SEEN” when you see this!! ❤
Your support makes a difference! THANK YOU GUYSSS!‼️❤️🎁
Grab it here https://go.sylikes.com/faq1C4f8idoD",
The restock you’ve been waiting for is finally here! Quick! 🏃‍♂️💨,https://scontent.frak4-1.fna.fbcdn.net/v/t39.30808-6/668224960_122203804304528883_8716552734980439067_n.jpg?_nc_cat=107&ccb=1-7&_nc_sid=e06c5d&_nc_eui2=AeGzNu6VQLl1ULwpDKZjBmttlYm9mpswVdGVib2amzBV0RxU5SbWT3InU_nLqWjiBMMNJNnDdvrS_DX2t_FhSs_Q&_nc_ohc=A2l2K_D2H9YQ7kNvwGFMIuO&_nc_oc=AdoKqLWGEpgr0oL6zZkxdS5-ASKO_MgLGMgCSF4C9XDaqZAZfC5F3CRdUGkA7ajfJFg&_nc_zt=23&_nc_ht=scontent.frak4-1.fna&_nc_gid=W9DWi4-St7fFmBirP-rLJQ&_nc_ss=7a3a8&oh=00_Af2-msBZI3WfynUIxHkUfrG1X15AXhoXam5AubVxoG47Qw&oe=69E05DCD,"Say “SEEN” when you see this!! ❤
Your support makes a difference! THANK YOU GUYSSS!‼️❤️🎁
Grab it here https://go.sylikes.com/faq1C4f8idoD",
Our #1 best-seller is back... for now 🥇⏳,https://scontent.frak4-3.fna.fbcdn.net/v/t39.30808-6/668137590_122203746422528883_3062322530863293810_n.jpg?_nc_cat=100&ccb=1-7&_nc_sid=e06c5d&_nc_eui2=AeE0sW45zCqz2jQ8pHrhCDN4X9OIm4UXbFBf04ibhRdsUHUhg5632n2C8zoRSwMLXIxpL8lcrZFf8joppc8SRl16&_nc_ohc=LUfEVTHi-OMQ7kNvwHLPH6V&_nc_oc=AdqbXd5_VqZEoFTSkW9DUzVHkbEC8wkvI3dCpiB6IUyMTT1074Ro1OMqSYFLRKVmOfc&_nc_zt=23&_nc_ht=scontent.frak4-3.fna&_nc_gid=W9DWi4-St7fFmBirP-rLJQ&_nc_ss=7a3a8&oh=00_Af0eN3QWt6oALyLgzcn1q_bfXF3cAfosZdG3OHTs6sPTvA&oe=69E06508,"Say “SEEN” when you see this!! ❤
Your support makes a difference! THANK YOU GUYSSS!‼️❤️🎁
Grab it here https://go.sylikes.com/faq1C4f8idoD",
Don't let history repeat itself. Checkout before it's gone! 🛒🏃‍♀️,https://scontent.frak4-1.fna.fbcdn.net/v/t39.30808-6/670925363_122203798766528883_2539532940067291576_n.jpg?_nc_cat=107&ccb=1-7&_nc_sid=e06c5d&_nc_eui2=AeFZcAz8IBtLusBEPfCVixmCMFaKlQIfPKQwVoqVAh88pOXze6F9JGFzJKSdhv96VEZPilki92FzI8cHJOn0tqcy&_nc_ohc=04nCwFZ1b8IQ7kNvwE2lPet&_nc_oc=AdqQ_-3i0DblZIPbH-mdyq2VAbDsvKXfTNZm22_RVNmhGfy7Iq057qSdf7WNieytI5k&_nc_zt=23&_nc_ht=scontent.frak4-1.fna&_nc_gid=seFw7XKHn1q6pPnl9jfwlw&_nc_ss=7a3a8&oh=00_Af0IXLMBY4S-T9O69gn5oQxuUQ8f-9DomSEdKaJ_hn8Bmw&oe=69E05E3E,"Say “SEEN” when you see this!! ❤
Your support makes a difference! THANK YOU GUYSSS!‼️❤️🎁
Grab it here https://go.sylikes.com/faq1C4f8idoD",